City_ID,City,Country,Date,Lat,Lng,Max Temp,Humidity,Cloudiness,Wind Speed
0,Punta Arenas,CL,2022-11-29 05:16:11,-53.15,-70.9167,41.11,75,0,23.02
1,Albany,US,2022-11-29 05:19:20,42.6001,-73.9662,35.67,82,20,6.31
2,Bengkulu,ID,2022-11-29 05:19:20,-3.8004,102.2655,83.82,67,99,5.91
3,Grindavik,IS,2022-11-29 05:19:20,63.8424,-22.4338,37.87,75,75,12.66
4,Ixtapa,MX,2022-11-29 05:19:21,20.7,-105.2,70.23,88,0,4.61
5,Rikitea,PF,2022-11-29 05:19:21,-23.1203,-134.9692,73.54,73,76,12.62
6,Aguimes,ES,2022-11-29 05:19:21,27.9054,-15.4461,66.83,73,40,16.11
7,Mitu,CO,2022-11-29 05:19:22,1.1983,-70.1733,70.81,99,89,2.44
8,Karratha,AU,2022-11-29 05:19:22,-20.7377,116.8463,92.21,40,3,21.0
9,Butaritari,KI,2022-11-29 05:19:22,3.0707,172.7902,81.25,75,86,8.75
10,Camapua,BR,2022-11-29 05:19:23,-19.5314,-54.0439,68.32,85,35,5.61
11,Palora,EC,2022-11-29 05:19:23,-1.7,-77.9333,64.69,85,72,3.31
12,Tabas,IR,2022-11-29 05:19:23,33.5959,56.9244,57.42,38,0,2.3
13,Longyearbyen,SJ,2022-11-29 05:19:24,78.2186,15.6401,39.04,81,40,8.05
14,Pingzhuang,CN,2022-11-29 05:19:24,42.0372,119.2889,9.46,22,35,24.32
15,Mecca,SA,2022-11-29 05:19:24,21.4267,39.8261,77.47,65,11,3.49
16,Kapaa,US,2022-11-29 05:18:32,22.0752,-159.319,75.18,96,100,12.66
17,East London,ZA,2022-11-29 05:19:24,-33.0153,27.9116,70.74,68,0,13.8
18,Busselton,AU,2022-11-29 05:19:25,-33.65,115.3333,82.94,30,0,6.85
19,Redlands,US,2022-11-29 05:17:54,34.0556,-117.1825,54.27,81,100,4.61
20,Mar Del Plata,AR,2022-11-29 05:18:53,-38.0023,-57.5575,69.1,97,0,6.91
21,Aklavik,CA,2022-11-29 05:19:25,68.2191,-135.0107,-22.32,93,31,6.98
22,Glasgow,GB,2022-11-29 05:19:26,55.8652,-4.2576,41.99,90,75,2.3
23,Qaanaaq,GL,2022-11-29 05:19:26,77.484,-69.3632,-11.72,91,51,6.8
24,Hilo,US,2022-11-29 05:19:12,19.7297,-155.09,75.25,97,40,7.0
25,Atuona,PF,2022-11-29 05:19:26,-9.8,-139.0333,78.01,74,8,11.14
26,Avarua,CK,2022-11-29 05:19:27,-21.2078,-159.775,77.05,78,20,10.36
27,Cherskiy,RU,2022-11-29 05:19:27,68.75,161.3,5.88,96,100,7.43
28,Saldanha,ZA,2022-11-29 05:19:27,-33.0117,17.9442,61.52,93,100,17.49
29,Sao Filipe,CV,2022-11-29 05:19:27,14.8961,-24.4956,74.73,62,15,8.28
30,Te Horo,NZ,2022-11-29 05:19:28,-40.8084,175.1233,64.8,73,97,4.0
31,Kodiak,US,2022-11-29 05:19:28,57.79,-152.4072,27.91,74,0,10.36
32,Leningradskiy,RU,2022-11-29 05:19:28,69.3833,178.4167,9.55,86,100,6.98
33,Bluff,NZ,2022-11-29 05:17:25,-46.6,168.3333,59.81,91,100,9.19
34,Zhanakorgan,KZ,2022-11-29 05:19:29,43.9098,67.2495,37.18,73,100,6.71
35,Mercedes,AR,2022-11-29 05:19:29,-34.6515,-59.4307,74.95,60,71,11.52
36,Hobyo,SO,2022-11-29 05:18:20,5.3505,48.5268,81.37,67,99,18.1
37,Pacific Grove,US,2022-11-29 05:19:30,36.6177,-121.9166,52.43,80,0,17.0
38,Yakeshi,CN,2022-11-29 05:19:30,49.2833,120.7333,-7.67,90,99,16.6
39,Ushuaia,AR,2022-11-29 05:19:30,-54.8,-68.3,38.86,87,40,29.93
40,Port Lincoln,AU,2022-11-29 05:19:31,-34.7333,135.8667,64.35,56,5,14.27
41,Tuatapere,NZ,2022-11-29 05:19:31,-46.1333,167.6833,56.5,95,100,2.86
42,Hobart,AU,2022-11-29 05:19:20,-42.8794,147.3294,66.06,45,75,16.11
43,New Norfolk,AU,2022-11-29 05:19:31,-42.7826,147.0587,65.71,40,79,8.01
44,Lebu,CL,2022-11-29 05:19:32,-37.6167,-73.65,55.99,88,99,13.78
45,Saint Anthony,US,2022-11-29 05:19:32,45.0205,-93.218,34.25,81,75,5.75
46,Skibotn,NO,2022-11-29 05:19:32,69.3913,20.2679,32.49,92,97,14.12
47,Vaini,TO,2022-11-29 05:20:33,-21.2,-175.2,82.56,74,20,12.66
48,Kaabong,UG,2022-11-29 05:20:33,3.4836,34.1492,67.93,66,55,15.68
49,Touros,BR,2022-11-29 05:20:33,-5.1989,-35.4608,76.06,83,66,6.82
50,Provideniya,RU,2022-11-29 05:20:33,64.3833,-173.3,24.91,68,75,8.99
51,Coffs Harbour,AU,2022-11-29 05:20:34,-30.3,153.1333,74.14,73,75,11.5
52,Arraial Do Cabo,BR,2022-11-29 05:20:34,-22.9661,-42.0278,72.88,94,83,19.75
53,Kahului,US,2022-11-29 05:20:34,20.8947,-156.47,75.85,92,100,3.44
54,Port Alfred,ZA,2022-11-29 05:20:35,-33.5906,26.891,71.19,77,32,3.0
55,Jamestown,US,2022-11-29 05:18:28,42.097,-79.2353,36.72,85,100,3.44
56,Inuvik,CA,2022-11-29 05:20:35,68.3499,-133.7218,-17.64,76,20,4.61
57,Norman Wells,CA,2022-11-29 05:20:36,65.282,-126.8329,-23.76,69,100,0.0
58,Santa Cruz,BO,2022-11-29 05:20:36,-17.8,-63.1667,72.86,56,43,6.91
59,Hasaki,JP,2022-11-29 05:20:36,35.7333,140.8333,72.28,71,95,28.1
60,Barrow,US,2022-11-29 05:20:37,71.2906,-156.7887,-11.18,77,100,9.22
61,Majene,ID,2022-11-29 05:20:37,-3.5403,118.9707,86.77,64,89,7.47
62,Rawson,AR,2022-11-29 05:20:37,-43.3002,-65.1023,71.26,34,30,15.5
63,Ribeira Grande,PT,2022-11-29 05:20:38,38.5167,-28.7,65.77,92,11,8.01
64,Thompson,CA,2022-11-29 05:19:11,55.7435,-97.8558,15.96,86,100,19.57
65,Nanortalik,GL,2022-11-29 05:20:38,60.1432,-45.2371,33.44,99,100,9.48
66,Salinas,US,2022-11-29 05:20:38,36.6777,-121.6555,52.83,76,0,8.05
67,Tazovskiy,RU,2022-11-29 05:20:39,67.4667,78.7,9.48,96,100,5.26
68,Chuy,UY,2022-11-29 05:20:39,-33.6971,-53.4616,65.3,95,31,8.95
69,Mataura,NZ,2022-11-29 05:20:39,-46.1927,168.8643,59.49,58,95,4.65
70,Seydi,TM,2022-11-29 05:20:40,39.4816,62.9137,49.26,38,99,1.45
71,Warri,NG,2022-11-29 05:20:40,5.5167,5.75,75.06,87,41,0.47
72,Klaksvik,FO,2022-11-29 05:20:40,62.2266,-6.589,45.52,87,9,8.84
73,Saint-Philippe,RE,2022-11-29 05:20:41,-21.3585,55.7679,81.99,77,88,7.31
74,Castro,BR,2022-11-29 05:19:27,-24.7911,-50.0119,59.25,99,100,5.95
75,Bambous Virieux,MU,2022-11-29 05:20:41,-20.3428,57.7575,82.65,69,75,12.66
76,Torbay,CA,2022-11-29 05:18:39,47.6666,-52.7314,43.75,96,100,26.46
77,Poronaysk,RU,2022-11-29 05:20:41,49.2167,143.1167,32.56,99,100,18.07
78,Rio Grande,BR,2022-11-29 05:20:42,-32.035,-52.0986,67.96,85,0,14.14
79,Port Elizabeth,ZA,2022-11-29 05:20:42,-33.918,25.5701,70.32,80,20,11.5
80,Ostrovnoy,RU,2022-11-29 05:20:42,68.0531,39.5131,31.77,88,100,6.4
81,Zinder,NE,2022-11-29 05:20:43,13.8072,8.9881,64.36,32,0,9.22
82,Mount Isa,AU,2022-11-29 05:20:43,-20.7333,139.5,94.77,12,83,12.66
83,Ambilobe,MG,2022-11-29 05:20:43,-13.2,49.05,83.32,53,0,1.25
84,Dikson,RU,2022-11-29 05:20:44,73.5069,80.5464,-3.42,100,71,5.06
85,Hermanus,ZA,2022-11-29 05:20:44,-34.4187,19.2345,67.8,62,49,4.56
86,Marawi,PH,2022-11-29 05:20:44,7.9986,124.2928,80.83,64,92,7.56
87,Shaowu,CN,2022-11-29 05:20:45,27.3409,117.4831,64.04,96,100,5.3
88,Upernavik,GL,2022-11-29 05:17:30,72.7868,-56.1549,7.27,99,100,20.0
89,Cape Town,ZA,2022-11-29 05:17:31,-33.9258,18.4232,74.37,69,0,13.0
90,Puerto Ayora,EC,2022-11-29 05:16:48,-0.7393,-90.3518,70.56,89,48,5.01
91,Samarai,PG,2022-11-29 05:21:45,-10.6167,150.6667,84.87,71,82,4.99
92,Khorixas,NA,2022-11-29 05:21:46,-20.3667,14.9667,64.78,20,100,2.21
93,Tiksi,RU,2022-11-29 05:21:46,71.6872,128.8694,-28.21,99,45,7.4
94,Wuwei,CN,2022-11-29 05:21:46,37.9281,102.6414,11.16,23,90,3.76
95,Altamira,BR,2022-11-29 05:19:16,-3.2033,-52.2064,77.4,70,88,2.04
96,La Ronge,CA,2022-11-29 05:21:47,55.1001,-105.2842,17.85,79,100,17.27
97,Paita,PE,2022-11-29 05:21:47,-5.0892,-81.1144,65.97,84,21,7.27
98,Iqaluit,CA,2022-11-29 05:18:22,63.7506,-68.5145,-4.27,77,100,20.71
99,Sarnia,CA,2022-11-29 05:21:48,42.9787,-82.4041,37.94,75,100,6.91
100,Marrakesh,MA,2022-11-29 05:21:48,31.6315,-8.0083,48.27,61,0,4.61
101,Te Anau,NZ,2022-11-29 05:21:48,-45.4167,167.7167,53.04,96,100,4.68
102,Wattegama,LK,2022-11-29 05:21:48,6.7989,81.4808,84.16,60,88,7.02
103,Dunedin,NZ,2022-11-29 05:19:27,-45.8742,170.5036,57.79,85,100,10.36
104,Katsuura,JP,2022-11-29 05:21:49,35.1333,140.3,70.14,72,79,25.08
105,Youghal,IE,2022-11-29 05:21:49,51.95,-7.8506,47.41,84,25,3.74
106,Mehamn,NO,2022-11-29 05:21:50,71.0357,27.8492,35.55,80,75,13.8
107,Zhigansk,RU,2022-11-29 05:21:50,66.7697,123.3711,-39.33,98,49,5.7
108,Sao Jose Da Coroa Grande,BR,2022-11-29 05:21:50,-8.8978,-35.1478,76.14,83,92,9.78
109,San Patricio,US,2022-11-29 05:21:50,28.017,-97.5169,73.27,93,100,9.37
110,Yambio,SS,2022-11-29 05:21:51,4.5721,28.3955,70.09,89,80,2.01
111,Westport,US,2022-11-29 05:20:50,41.1415,-73.3579,41.83,74,0,5.75
112,Santiago Del Estero,AR,2022-11-29 05:21:51,-27.7951,-64.2615,77.49,45,71,6.29
113,Bathsheba,BB,2022-11-29 05:21:52,13.2167,-59.5167,77.61,88,40,20.71
114,Cayenne,GF,2022-11-29 05:21:52,4.9333,-52.3333,75.24,94,75,3.44
115,Manadhoo,MV,2022-11-29 05:21:52,5.7667,73.3833,80.78,72,22,1.01
116,Whitehorse,CA,2022-11-29 05:21:52,60.7161,-135.0538,3.97,71,100,9.22
117,Souillac,MU,2022-11-29 05:21:53,-20.5167,57.5167,82.78,69,75,12.66
118,Iguguno,TZ,2022-11-29 05:21:53,-4.5697,34.6275,68.77,71,41,4.83
119,Sorrento,IT,2022-11-29 05:21:53,40.626,14.3744,56.26,77,75,4.61
120,Bijie,CN,2022-11-29 05:21:54,27.3125,105.2942,58.17,69,100,5.21
121,Qui Nhon,VN,2022-11-29 05:21:54,13.7667,109.2333,82.13,76,76,5.19
122,Kathu,TH,2022-11-29 05:21:54,7.9178,98.3332,87.62,99,51,4.16
123,Praia Da Vitoria,PT,2022-11-29 05:21:55,38.7333,-27.0667,66.45,88,75,22.97
124,Alekseyevka,RU,2022-11-29 05:21:55,50.6309,38.6903,27.03,64,99,11.56
125,Luderitz,NA,2022-11-29 05:21:55,-26.6481,15.1594,60.8,87,2,5.91
126,Matagami,CA,2022-11-29 05:21:15,49.7502,-77.6328,14.11,92,100,0.0
127,Montrose,US,2022-11-29 05:21:56,38.4166,-108.2673,31.57,50,100,21.0
128,Victoria,HK,2022-11-29 05:21:56,22.2855,114.1577,86.05,86,18,1.01
129,Rewari,IN,2022-11-29 05:21:56,28.1833,76.6167,72.27,24,30,0.4
130,Havoysund,NO,2022-11-29 05:21:57,70.9963,24.6622,35.83,82,94,9.55
131,Georgetown,MY,2022-11-29 05:19:04,5.4112,100.3354,87.75,74,20,11.5
132,Black Diamond,US,2022-11-29 05:21:57,47.3087,-122.0032,34.75,87,97,1.01
133,Titron,IN,2022-11-29 05:21:58,29.6681,77.3225,71.47,41,5,1.83
134,Nikolskoye,RU,2022-11-29 05:22:58,59.7035,30.7861,26.49,97,100,3.83
135,Inongo,CD,2022-11-29 05:22:59,-1.95,18.2667,69.73,98,100,2.95
136,Loa Janan,ID,2022-11-29 05:22:59,-0.583,117.095,88.43,64,88,1.14
137,Kutum,SD,2022-11-29 05:22:59,14.2,24.6667,65.5,28,83,3.38
138,Athens,GR,2022-11-29 05:18:42,37.9795,23.7162,52.38,82,20,10.36
139,Airai,TL,2022-11-29 05:23:00,-8.9266,125.4092,70.45,77,75,4.18
140,Khatanga,RU,2022-11-29 05:23:00,71.9667,102.5,-1.41,96,100,13.73
141,Kaitangata,NZ,2022-11-29 05:23:00,-46.2817,169.8464,59.25,75,100,7.23
142,Lompoc,US,2022-11-29 05:20:24,34.6391,-120.4579,53.49,82,0,19.57
143,Sur,OM,2022-11-29 05:23:01,22.5667,59.5289,79.61,54,0,6.33
144,Ponta Delgada,PT,2022-11-29 05:23:01,37.7333,-25.6667,68.5,94,75,20.71
145,Carnarvon,AU,2022-11-29 05:23:01,-24.8667,113.6333,80.11,61,0,14.12
146,Rantauprapat,ID,2022-11-29 05:23:02,2.1,99.8333,87.13,63,92,2.3
147,Elat,IL,2022-11-29 05:23:02,29.5581,34.9482,62.44,59,40,4.61
148,Saint George,US,2022-11-29 05:18:26,37.1041,-113.5841,40.78,50,0,1.01
149,Shar,KZ,2022-11-29 05:23:02,49.5886,81.0453,-13.68,79,4,3.85
150,Soyo,AO,2022-11-29 05:23:03,-6.1349,12.3689,77.38,87,100,5.1
151,Pangnirtung,CA,2022-11-29 05:23:03,66.1451,-65.7125,-2.2,94,100,0.63
152,Sao Joao Da Barra,BR,2022-11-29 05:23:03,-21.6403,-41.0511,73.18,92,100,16.64
153,Tasiilaq,GL,2022-11-29 05:23:03,65.6145,-37.6368,30.36,93,100,11.68
154,Olinda,BR,2022-11-29 05:23:04,-8.0089,-34.8553,76.73,78,75,9.22
155,Andros,GR,2022-11-29 05:23:04,37.8333,24.9333,57.72,79,96,1.99
156,Batagay-Alyta,RU,2022-11-29 05:23:04,67.8006,130.4114,-31.43,91,12,4.34
157,Pevek,RU,2022-11-29 05:23:05,69.7008,170.3133,15.12,78,98,10.89
158,Kichera,RU,2022-11-29 05:23:05,55.9375,110.0997,-8.1,86,100,2.15
159,Esperance,AU,2022-11-29 05:23:05,-33.8667,121.9,70.7,52,0,16.67
160,Chokurdakh,RU,2022-11-29 05:23:06,70.6333,147.9167,-22.16,97,100,7.07
161,Teguise,ES,2022-11-29 05:23:06,29.0605,-13.564,64.62,77,20,12.66
162,Tarko-Sale,RU,2022-11-29 05:23:06,64.9225,77.785,0.52,93,100,7.61
163,Chapais,CA,2022-11-29 05:23:07,49.7834,-74.8492,13.78,100,96,1.83
164,Falam,MM,2022-11-29 05:23:07,22.9167,93.6833,70.9,64,65,2.33
165,Yerbogachen,RU,2022-11-29 05:23:07,61.2767,108.0108,-15.65,97,88,2.42
166,Tongchuan,CN,2022-11-29 05:23:08,35.0806,109.0897,31.21,19,100,15.88
167,Oulu,FI,2022-11-29 05:23:08,65.0124,25.4682,29.21,47,100,11.5
168,Solnechnyy,RU,2022-11-29 05:23:08,50.7214,136.6319,9.34,90,100,6.55
169,Sumenep,ID,2022-11-29 05:23:09,-7.0167,113.8667,84.9,70,94,3.67
170,Srednekolymsk,RU,2022-11-29 05:23:09,67.45,153.6833,-12.51,99,100,8.95
171,Lata,PT,2022-11-29 05:23:09,40.1629,-8.3327,42.08,93,99,3.56
172,Bonfim,BR,2022-11-29 05:23:10,3.0833,-59.95,74.68,92,100,0.72
173,Hithadhoo,MV,2022-11-29 05:23:10,-0.6,73.0833,80.89,77,92,8.9
174,Akdepe,TM,2022-11-29 05:23:10,42.0551,59.3788,28.49,56,44,3.33
175,Tucuman,AR,2022-11-29 05:23:11,-26.8241,-65.2226,77.0,57,0,6.91
176,Dingle,PH,2022-11-29 05:23:11,10.9995,122.6711,85.98,68,40,13.22
177,Rajakhera,IN,2022-11-29 05:23:11,26.8961,78.1714,72.93,28,0,1.72
178,Tautira,PF,2022-11-29 05:22:07,-17.7333,-149.15,78.28,80,81,11.52
179,Carutapera,BR,2022-11-29 05:24:12,-1.195,-46.02,77.81,83,90,6.06
180,Vostok,RU,2022-11-29 05:24:12,46.4856,135.8833,18.07,89,100,12.75
181,Myitkyina,MM,2022-11-29 05:24:12,25.3833,97.4,76.95,40,64,1.39
182,Severo-Kurilsk,RU,2022-11-29 05:22:56,50.6789,156.125,30.54,62,89,12.82
183,Lorengau,PG,2022-11-29 05:24:13,-2.0226,147.2712,84.79,64,37,7.67
184,Vao,NC,2022-11-29 05:24:13,-22.6667,167.4833,78.87,84,100,14.85
185,Virovitica,HR,2022-11-29 05:24:13,45.8319,17.3839,34.9,90,100,6.46
186,Kuching,MY,2022-11-29 05:24:15,1.55,110.3333,90.01,75,40,2.3
187,Lavrentiya,RU,2022-11-29 05:24:15,65.5833,-171.0,16.29,90,71,2.17
188,Anadyr,RU,2022-11-29 05:24:15,64.75,177.4833,32.5,93,100,20.13
189,Massakory,TD,2022-11-29 05:24:16,12.996,15.7293,66.99,32,99,8.57
190,Bulgan,MN,2022-11-29 05:24:16,48.8125,103.5347,-5.49,56,48,5.14
191,Huntingdon,GB,2022-11-29 05:24:16,52.3305,-0.1865,42.93,96,0,3.69
192,Beringovskiy,RU,2022-11-29 05:24:17,63.05,179.3167,33.89,99,100,12.08
193,Hofn,IS,2022-11-29 05:23:22,64.2539,-15.2082,35.51,75,34,7.61
194,Nampula,MZ,2022-11-29 05:24:17,-15.1165,39.2666,76.95,69,40,9.22
195,Mandiana,GN,2022-11-29 05:20:21,10.6333,-8.6833,69.24,34,78,2.37
196,Oytal,KZ,2022-11-29 05:24:18,42.9057,73.2697,34.3,77,100,0.94
197,San Lorenzo,PY,2022-11-29 05:24:18,-25.3333,-57.5333,70.74,88,0,3.44
198,Aksu,CN,2022-11-29 05:24:18,41.1231,80.2644,22.19,22,91,6.55
199,Homestead,US,2022-11-29 05:24:19,25.4687,-80.4776,78.03,87,0,5.75
200,Newport,GB,2022-11-29 05:20:54,51.5877,-2.9984,41.61,87,7,3.27
201,Hoa Binh,VN,2022-11-29 05:20:58,20.8133,105.3383,87.31,65,47,2.53
202,Dhidhdhoo,MV,2022-11-29 05:20:17,6.8833,73.1,81.0,71,51,2.42
203,Mishelevka,RU,2022-11-29 05:24:19,52.8575,103.1719,5.59,87,100,16.22
204,Progreso,MX,2022-11-29 05:24:20,21.2833,-89.6667,75.11,77,52,10.67
205,Sofiyivka,UA,2022-11-29 05:24:20,48.0493,33.8746,33.75,64,99,13.33
206,San Felipe,VE,2022-11-29 05:24:20,10.3399,-68.7425,71.69,99,100,2.51
207,Attock,PK,2022-11-29 05:24:20,33.7695,72.3611,62.96,29,1,3.04
208,Rundu,NA,2022-11-29 05:24:21,-17.9333,19.7667,70.39,55,5,4.23
209,Pisco,PE,2022-11-29 05:24:11,-13.7,-76.2167,68.05,77,40,6.91
210,Gboko,NG,2022-11-29 05:24:21,7.3179,8.9951,70.61,28,9,3.42
211,Fortuna,US,2022-11-29 05:24:22,40.5982,-124.1573,39.54,96,0,3.44
212,Narsaq,GL,2022-11-29 05:24:22,60.9167,-46.05,34.02,99,100,3.4
213,San Cristobal,VE,2022-11-29 05:24:22,7.7669,-72.225,62.78,98,86,3.27
214,Hammerfest,NO,2022-11-29 05:24:23,70.6634,23.6821,28.85,80,0,1.14
215,Reconquista,AR,2022-11-29 05:24:23,-29.15,-59.65,72.01,48,24,7.0
216,Dharmavaram,IN,2022-11-29 05:24:23,14.4333,77.7167,80.29,59,7,6.58
217,Oum Hadjer,TD,2022-11-29 05:24:23,13.2954,19.6966,67.5,23,24,7.78
218,Patiya,BD,2022-11-29 05:24:24,22.2931,91.9762,85.89,62,22,2.08
219,Yellowknife,CA,2022-11-29 05:22:45,62.456,-114.3525,-19.44,76,40,8.05
220,Kimparana,ML,2022-11-29 05:24:24,12.8347,-4.9244,70.34,19,80,8.08
221,Skibbereen,IE,2022-11-29 05:24:25,51.55,-9.2667,48.11,89,21,2.89
222,Port Hardy,CA,2022-11-29 05:24:04,50.6996,-127.4199,28.58,93,100,3.44
223,Hambantota,LK,2022-11-29 05:23:28,6.1241,81.1185,83.41,64,68,7.52
224,Saint-Louis,SN,2022-11-29 05:24:25,16.3333,-15.0,71.87,21,97,9.24
225,Nelson,NZ,2022-11-29 05:24:25,-41.2833,173.2833,65.28,79,44,1.99
226,Mortka,RU,2022-11-29 05:25:26,59.3322,66.0214,1.78,84,74,6.35
227,Kurilsk,RU,2022-11-29 05:25:11,45.2333,147.8833,40.82,94,100,21.99
228,Peresichna,UA,2022-11-29 05:25:26,50.0241,35.9826,30.2,51,100,13.0
229,Axim,GH,2022-11-29 05:25:26,4.8699,-2.2405,77.83,83,18,5.68
230,Nizhnyaya Tavda,RU,2022-11-29 05:25:27,57.6731,66.1725,0.45,80,21,6.04
231,Mezen,RU,2022-11-29 05:25:27,65.8522,44.24,27.7,98,100,5.73
232,Fort Nelson,CA,2022-11-29 05:25:27,58.8053,-122.7002,-8.05,85,40,5.75
233,Santa Isabel Do Rio Negro,BR,2022-11-29 05:25:28,-0.4139,-65.0192,72.1,97,100,1.61
234,Sakakah,SA,2022-11-29 05:23:12,29.9697,40.2064,58.57,44,99,6.64
235,Bocana De Paiwas,NI,2022-11-29 05:25:28,12.7857,-85.1227,69.35,95,100,4.52
236,Avera,US,2022-11-29 05:25:29,33.194,-82.5271,44.11,71,0,4.56
237,Port Macquarie,AU,2022-11-29 05:25:29,-31.4333,152.9167,72.9,60,1,16.11
238,Clarence Town,AU,2022-11-29 05:25:29,-32.5833,151.7833,74.61,44,0,13.27
239,Kiama,AU,2022-11-29 05:25:30,-34.6833,150.8667,70.38,63,5,1.01
240,Karakol,KG,2022-11-29 05:25:30,42.4907,78.3936,31.82,96,100,0.49
241,Volcan,PA,2022-11-29 05:25:31,8.7667,-82.6333,60.1,95,100,2.82
242,Udachnyy,RU,2022-11-29 05:25:31,66.4167,112.4,-29.56,100,98,3.2
243,Duekoue,CI,2022-11-29 05:25:32,6.7472,-7.3496,69.71,99,41,2.37
244,Fairfield,US,2022-11-29 05:21:58,41.2668,-73.3162,40.44,74,0,5.75
245,Ler,SS,2022-11-29 05:25:32,8.3018,30.1418,77.07,59,19,3.11
246,Tayoltita,MX,2022-11-29 05:25:32,24.0833,-105.9333,56.28,68,2,4.61
247,George Town,MY,2022-11-29 05:25:33,5.4112,100.3354,87.75,75,20,11.5
248,Bonga,ET,2022-11-29 05:25:33,7.2833,36.2333,61.68,89,73,2.13
249,Hinton,CA,2022-11-29 05:25:33,53.4001,-117.5857,-0.35,95,100,3.36
250,Charters Towers,AU,2022-11-29 05:25:34,-20.1,146.2667,75.9,77,100,3.49
251,Novozavedennoye,RU,2022-11-29 05:25:34,44.2628,43.6381,34.9,80,97,12.44
252,Doka,SD,2022-11-29 05:25:34,13.5167,35.7667,78.84,32,7,2.95
253,Bredasdorp,ZA,2022-11-29 05:25:35,-34.5322,20.0403,68.02,75,58,3.04
254,Mount Gambier,AU,2022-11-29 05:25:35,-37.8333,140.7667,63.59,52,82,9.89
255,Marondera,ZW,2022-11-29 05:25:35,-18.1853,31.5519,56.55,97,100,7.18
256,Alyangula,AU,2022-11-29 05:25:36,-13.8483,136.4192,82.36,74,99,11.1
257,Sungaipenuh,ID,2022-11-29 05:25:36,-2.0833,101.3833,75.13,77,86,3.6
258,Jurado,CO,2022-11-29 05:25:36,7.1053,-77.7641,74.03,95,100,5.5
259,Wasilla,US,2022-11-29 05:25:37,61.5814,-149.4394,8.29,80,0,1.01
260,Pamplona,ES,2022-11-29 05:25:37,42.8169,-1.6432,49.48,99,75,1.14
261,Tuktoyaktuk,CA,2022-11-29 05:25:01,69.4541,-133.0374,-13.0,77,40,11.5
262,Acapulco,MX,2022-11-29 05:24:04,16.8634,-99.8901,78.62,83,20,2.3
263,New Albany,US,2022-11-29 05:25:37,38.2856,-85.8241,46.92,87,75,6.91
264,Kuytun,RU,2022-11-29 05:25:38,54.3419,101.5036,1.49,89,100,18.92
265,Warrnambool,AU,2022-11-29 05:21:58,-38.3833,142.4833,58.84,62,97,13.44
266,Potam,MX,2022-11-29 05:25:38,27.6,-110.3833,63.77,54,1,5.28
267,Coquimbo,CL,2022-11-29 05:21:27,-29.9533,-71.3436,60.53,94,100,4.61
268,Messina,IT,2022-11-29 05:25:39,38.1933,15.5497,58.6,66,100,11.99
269,Caranavi,BO,2022-11-29 05:25:39,-15.8167,-67.55,67.62,59,97,2.95
270,Koumac,NC,2022-11-29 05:25:39,-20.5667,164.2833,87.24,61,84,13.02
271,Martapura,ID,2022-11-29 05:25:40,-3.4167,114.85,86.09,74,40,2.3
272,Yulara,AU,2022-11-29 05:25:40,-25.2406,130.9889,84.47,20,0,9.46
273,Turukhansk,RU,2022-11-29 05:25:40,65.8167,87.9833,-5.69,98,99,7.23
274,Hengshan,CN,2022-11-29 05:25:41,45.2,130.9167,13.5,70,17,18.63
275,Broome,US,2022-11-29 05:26:41,42.2506,-75.833,34.86,86,100,3.44
276,Qaqortoq,GL,2022-11-29 05:26:41,60.7167,-46.0333,32.25,99,100,3.31
277,Chekhov,RU,2022-11-29 05:26:42,55.1431,37.4711,21.15,91,99,4.94
278,Koungou,YT,2022-11-29 05:26:42,-12.7336,45.2042,83.91,70,20,12.66
279,Orlik,RU,2022-11-29 05:26:42,52.5178,99.825,-11.56,73,87,4.14
280,Mollendo,PE,2022-11-29 05:26:43,-17.0231,-72.0147,65.7,91,87,6.46
281,Kavieng,PG,2022-11-29 05:26:43,-2.5744,150.7967,85.24,59,15,6.8
282,Aquiraz,BR,2022-11-29 05:26:43,-3.9014,-38.3911,80.19,82,89,4.97
283,Naze,JP,2022-11-29 05:26:44,28.3667,129.4833,77.92,83,99,15.9
284,Port Blair,IN,2022-11-29 05:26:44,11.6667,92.75,83.91,70,42,7.27
285,Komsomolskiy,UZ,2022-11-29 05:26:44,40.4272,71.7189,48.92,76,75,2.3
286,Haapiti,PF,2022-11-29 05:26:45,-17.5667,-149.8667,80.33,78,64,12.41
287,Olafsvik,IS,2022-11-29 05:24:54,64.8945,-23.7142,39.29,70,100,18.19
288,Vila Velha,BR,2022-11-29 05:26:45,-20.3297,-40.2925,73.35,94,100,6.91
289,Itupiranga,BR,2022-11-29 05:26:45,-5.1347,-49.3267,75.52,90,100,1.28
290,Santa Isabel,BR,2022-11-29 05:26:46,-23.3156,-46.2214,65.5,97,91,1.34
291,Alofi,NU,2022-11-29 05:23:53,-19.0595,-169.9187,78.69,73,96,10.36
292,Ampere,BR,2022-11-29 05:26:46,-25.915,-53.4728,61.7,88,22,4.47
293,Ahipara,NZ,2022-11-29 05:24:54,-35.1667,173.1667,61.68,97,100,7.27
294,Araouane,ML,2022-11-29 05:26:47,18.9048,-3.5265,61.41,21,23,10.63
295,Kavaratti,IN,2022-11-29 05:26:47,10.5669,72.642,81.61,69,73,2.59
296,Dawei,MM,2022-11-29 05:26:47,14.0833,98.2,87.71,63,53,4.34
297,Severobaykalsk,RU,2022-11-29 05:26:48,55.65,109.3167,-7.33,63,100,4.94
298,Grand Gaube,MU,2022-11-29 05:26:48,-20.0064,57.6608,82.8,65,46,7.0
299,Cidreira,BR,2022-11-29 05:25:04,-30.1811,-50.2056,69.39,85,27,14.47
300,Woerden,NL,2022-11-29 05:26:48,52.0833,4.8833,46.18,78,96,3.09
301,Saint-Francois,FR,2022-11-29 05:26:49,46.4154,3.9054,42.67,93,100,1.14
302,Cabo San Lucas,MX,2022-11-29 05:24:41,22.8909,-109.9124,71.51,66,1,10.47
303,Danshui,CN,2022-11-29 05:26:49,22.7984,114.4672,84.58,59,39,4.97
304,Ogaminana,NG,2022-11-29 05:26:49,7.5946,6.2248,73.17,79,49,2.1
305,Harnosand,SE,2022-11-29 05:26:50,62.6323,17.9379,36.0,90,100,6.64
306,Labuhan,ID,2022-11-29 05:23:37,-6.8844,112.2051,86.83,64,95,2.33
307,Ndele,CF,2022-11-29 05:26:50,8.4109,20.6473,69.71,37,95,1.01
308,Baracoa,CU,2022-11-29 05:26:50,20.3467,-74.4958,76.19,84,58,8.46
309,Juneau,US,2022-11-29 05:25:27,58.3019,-134.4197,21.2,100,75,0.0
310,Bilma,NE,2022-11-29 05:26:51,18.6853,12.9164,59.23,44,100,9.51
311,Sao Miguel Do Araguaia,BR,2022-11-29 05:26:51,-13.275,-50.1628,70.41,94,97,5.5
312,Codrington,AU,2022-11-29 05:26:52,-38.2667,141.9667,60.01,62,100,14.58
313,Wooster,US,2022-11-29 05:26:52,40.8051,-81.9351,40.59,97,100,4.61
314,Mahebourg,MU,2022-11-29 05:26:52,-20.4081,57.7,82.69,69,75,12.66
315,Madimba,TZ,2022-11-29 05:26:53,-10.4,40.3333,83.52,69,75,17.27
316,Shenjiamen,CN,2022-11-29 05:23:26,29.9576,122.298,62.2,89,100,23.8
317,Buzovna,AZ,2022-11-29 05:27:53,40.5179,50.1139,48.29,93,100,6.91
318,Wanaka,NZ,2022-11-29 05:27:03,-44.7,169.15,61.11,61,98,10.0
319,Waingapu,ID,2022-11-29 05:27:53,-9.6567,120.2641,86.41,66,70,6.64
320,Vryburg,ZA,2022-11-29 05:27:54,-26.9566,24.7284,67.55,63,2,16.87
321,Bandarbeyla,SO,2022-11-29 05:26:56,9.4942,50.8122,79.21,66,52,16.33
322,Conde,BR,2022-11-29 05:27:54,-7.2597,-34.9075,76.46,83,40,2.3
323,Lagoa,PT,2022-11-29 05:27:55,39.05,-27.9833,64.72,88,2,25.34
324,Sitka,US,2022-11-29 05:27:55,57.0531,-135.33,30.09,59,100,8.05
325,Ponta Do Sol,PT,2022-11-29 05:27:55,32.6667,-17.1,67.71,73,21,4.59
326,Talnakh,RU,2022-11-29 05:26:55,69.4865,88.3972,-9.31,99,100,7.47
327,Mahanoro,MG,2022-11-29 05:27:56,-19.9,48.8,79.02,64,0,9.64
328,Ucluelet,CA,2022-11-29 05:26:02,48.9329,-125.5528,32.09,88,43,6.31
329,Moshi,TZ,2022-11-29 05:27:56,-3.35,37.3333,71.98,74,53,3.62
330,Maniitsoq,GL,2022-11-29 05:27:56,65.4167,-52.9,32.0,61,100,11.9
331,Port Hedland,AU,2022-11-29 05:27:57,-20.3167,118.5667,89.65,58,7,18.41
332,Ebeltoft,DK,2022-11-29 05:27:57,56.1944,10.6821,44.62,65,75,12.66
333,Lexington Park,US,2022-11-29 05:27:57,38.2668,-76.4538,47.66,80,0,6.91
334,Bullhead City,US,2022-11-29 05:27:58,35.1478,-114.5683,62.02,31,0,1.01
335,Quesnel,CA,2022-11-29 05:27:58,52.9999,-122.5029,9.1,66,0,11.5
336,Bollnas,SE,2022-11-29 05:27:58,61.3482,16.3946,34.7,100,100,2.59
337,Asau,RO,2022-11-29 05:27:59,46.4333,26.4,29.32,90,99,1.48
338,Tessalit,ML,2022-11-29 05:23:11,20.1986,1.0114,67.19,20,99,7.65
339,Vavuniya,LK,2022-11-29 05:27:59,8.7514,80.4971,86.36,48,94,5.23
340,Gannan,CN,2022-11-29 05:27:59,47.9147,123.5031,8.89,68,100,15.68
341,Sawakin,SD,2022-11-29 05:28:00,19.1059,37.3321,81.37,71,43,3.29
342,Kruisfontein,ZA,2022-11-29 05:24:25,-34.0033,24.7314,65.88,64,34,5.93
343,Valparaiso,CL,2022-11-29 05:24:00,-33.0393,-71.6273,61.48,100,75,5.75
344,Kalabo,ZM,2022-11-29 05:28:00,-14.97,22.6814,67.19,85,46,6.06
345,Ngama,TD,2022-11-29 05:25:21,11.7833,17.1667,66.38,23,39,7.47
346,Kucevo,RS,2022-11-29 05:28:01,44.4775,21.67,34.57,85,69,14.61
347,Ewa Beach,US,2022-11-29 05:28:01,21.3156,-158.0072,73.35,83,75,0.0
348,Trenggalek,ID,2022-11-29 05:28:01,-8.05,111.7167,82.27,81,89,6.2
349,Amapa,BR,2022-11-29 05:28:02,1.0,-52.0,70.27,98,78,1.97
350,Walvis Bay,NA,2022-11-29 05:28:02,-22.9575,14.5053,59.09,82,11,4.61
351,Poum,NC,2022-11-29 05:28:02,-20.2333,164.0167,81.55,79,73,16.44
352,Chernyshkovskiy,RU,2022-11-29 05:28:03,48.4219,42.2308,25.47,53,0,13.56
353,Berbera,SO,2022-11-29 05:28:03,10.4396,45.0143,77.79,68,55,5.01
354,Marsh Harbour,BS,2022-11-29 05:28:03,26.5412,-77.0636,77.2,75,100,10.33
355,Shingu,JP,2022-11-29 05:25:12,33.7333,135.9833,66.58,93,100,14.07
356,Suar,IN,2022-11-29 05:28:04,29.0333,79.05,71.64,48,2,1.79
357,Pacifica,US,2022-11-29 05:26:31,37.6138,-122.4869,51.42,80,20,20.71
358,Ayni,TJ,2022-11-29 05:28:04,39.3941,68.5377,42.03,79,22,4.65
359,Ust-Kuyga,RU,2022-11-29 05:28:04,70.0167,135.6,-50.57,99,95,4.0
360,Nouadhibou,MR,2022-11-29 05:26:38,20.931,-17.0347,64.38,36,0,16.11
361,Bonavista,CA,2022-11-29 05:29:05,48.6499,-53.1147,37.53,98,100,22.41
362,Berlin,DE,2022-11-29 05:25:37,52.5244,13.4105,39.97,93,100,8.05
363,Coihaique,CL,2022-11-29 05:29:05,-45.5752,-72.0662,58.95,47,75,9.22
364,Fairbanks,US,2022-11-29 05:29:06,64.8378,-147.7164,-10.86,83,0,0.0
365,Djambala,CG,2022-11-29 05:29:06,-2.5447,14.7533,67.6,92,100,0.49
366,Culiacan,MX,2022-11-29 05:29:06,24.7994,-107.3897,64.08,54,0,0.0
367,Tura,IN,2022-11-29 05:29:06,25.5198,90.2201,77.32,47,0,1.83
368,Gravelbourg,CA,2022-11-29 05:29:07,49.8834,-106.5512,10.67,88,100,20.87
369,Cadereyta,MX,2022-11-29 05:28:30,25.5833,-99.9833,69.48,84,7,1.28
370,Udayagiri,IN,2022-11-29 05:29:07,20.1333,84.3833,76.41,36,1,3.11
371,Pavullo Nel Frignano,IT,2022-11-29 05:29:07,44.3315,10.835,39.76,92,100,10.36
372,Banjar,ID,2022-11-29 05:29:08,-8.19,114.9675,88.48,64,98,2.48
373,Pemba,MZ,2022-11-29 05:29:08,-12.974,40.5178,79.95,69,90,11.92
374,Adrar,MR,2022-11-29 05:24:50,20.5022,-10.0711,58.05,19,0,11.34
375,Dzerzhinskoye,RU,2022-11-29 05:29:08,56.8344,95.2283,0.55,76,100,10.94
376,Ocampo,MX,2022-11-29 05:25:00,21.65,-101.5,55.4,50,13,5.39
377,Zabol,AF,2022-11-29 05:29:09,32.25,67.25,49.64,25,0,3.56
378,Chumikan,RU,2022-11-29 05:29:09,54.7183,135.315,-0.42,67,100,3.51
379,Malmyzh,RU,2022-11-29 05:29:10,56.5205,50.6818,1.71,98,100,1.79
380,Portland,US,2022-11-29 05:25:17,45.5234,-122.6762,38.32,89,20,5.01
381,Itarema,BR,2022-11-29 05:25:30,-2.9248,-39.9167,76.75,81,100,4.81
382,Mareeba,AU,2022-11-29 05:29:10,-17.0,145.4333,79.52,88,100,2.77
383,Margate,GB,2022-11-29 05:29:11,51.3813,1.3862,48.69,95,29,3.0
384,Geraldton,AU,2022-11-29 05:25:42,-28.7667,114.6,104.41,14,2,13.8
385,Mikkeli,FI,2022-11-29 05:29:11,61.6886,27.2723,28.51,86,100,6.91
386,Muravlenko,RU,2022-11-29 05:29:11,63.7898,74.523,-0.6,89,100,7.87
387,Bethel,US,2022-11-29 05:29:12,41.3712,-73.414,38.93,79,0,3.44
388,Dudinka,RU,2022-11-29 05:29:12,69.4058,86.1778,-0.33,98,91,7.2
389,Pontianak,ID,2022-11-29 05:29:12,-0.0333,109.3333,89.58,62,75,4.61
390,Eastbourne,GB,2022-11-29 05:29:12,50.7687,0.2845,45.18,95,7,8.9
391,Elko,US,2022-11-29 05:29:13,41.0002,-115.5012,23.02,63,93,11.99
392,Ilulissat,GL,2022-11-29 05:29:13,69.2167,-51.1,21.22,45,75,5.75
393,Hwange,ZW,2022-11-29 05:29:13,-18.3693,26.5019,71.56,69,41,9.08
394,Lang Son,VN,2022-11-29 05:29:14,21.8333,106.7333,81.91,73,71,7.96
395,Yuxia,CN,2022-11-29 05:29:14,34.0615,108.6291,32.61,45,100,3.31
396,Srivardhan,IN,2022-11-29 05:29:14,18.0333,73.0167,84.49,47,16,0.31
397,Kiruna,SE,2022-11-29 05:29:15,67.8557,20.2251,31.12,80,75,12.66
398,Dong Hoi,VN,2022-11-29 05:29:15,17.4833,106.6,85.06,71,4,7.63
399,Sterling,US,2022-11-29 05:26:19,39.0062,-77.4286,43.34,82,0,0.0
400,Washim,IN,2022-11-29 05:29:16,20.1,77.15,76.15,32,32,7.14
401,Matamoros,MX,2022-11-29 05:29:16,25.5333,-103.25,59.11,29,0,4.16
402,Quelimane,MZ,2022-11-29 05:29:16,-17.8786,36.8883,76.95,83,75,5.75
403,Darhan,MN,2022-11-29 05:29:17,49.4867,105.9228,-0.85,60,100,7.47
404,Boyolangu,ID,2022-11-29 05:29:17,-8.1181,111.8935,82.11,78,94,9.8
405,Yantal,RU,2022-11-29 05:30:17,56.8471,105.2542,-2.54,91,100,10.16
406,Tilichiki,RU,2022-11-29 05:30:18,60.4667,166.1,31.39,97,100,13.13
407,Careiro Da Varzea,BR,2022-11-29 05:25:27,-3.2003,-59.8119,79.41,90,100,5.46
408,Vestmannaeyjar,IS,2022-11-29 05:26:53,63.4427,-20.2734,42.24,79,100,19.71
409,Dhamrai,BD,2022-11-29 05:30:19,23.9202,90.2109,80.58,38,20,4.29
410,Roebourne,AU,2022-11-29 05:30:19,-20.7833,117.1333,96.71,31,4,17.07
411,Meulaboh,ID,2022-11-29 05:30:19,4.1363,96.1285,83.52,71,90,5.23
412,Abrau-Dyurso,RU,2022-11-29 05:30:20,44.69,37.59,38.66,81,72,10.38
413,Sai Buri,TH,2022-11-29 05:30:20,6.7013,101.6168,87.51,68,45,7.87
414,Talara,PE,2022-11-29 05:30:21,-4.5772,-81.2719,66.4,85,36,11.01
415,Beloha,MG,2022-11-29 05:30:21,-25.1667,45.05,83.14,49,76,4.0
416,Novochernorechenskiy,RU,2022-11-29 05:30:21,56.2669,91.0828,-0.78,76,95,8.14
417,Mandalgovi,MN,2022-11-29 05:30:22,45.7625,106.2708,-2.09,41,0,19.35
418,Tuy Hoa,VN,2022-11-29 05:30:22,13.0833,109.3,83.08,71,33,5.93
419,Alexandria,EG,2022-11-29 05:30:23,31.2156,29.9553,54.14,58,2,7.74
420,Egvekinot,RU,2022-11-29 05:30:23,66.3167,-179.1667,15.78,96,99,5.82
421,Beaumont,US,2022-11-29 05:26:30,30.0861,-94.1019,64.38,97,0,12.66
422,Minab,IR,2022-11-29 05:30:24,27.1467,57.0801,77.32,47,0,0.0
423,Abu Samrah,SY,2022-11-29 05:30:24,35.3029,37.1841,55.2,67,82,9.17
424,Svetlaya,RU,2022-11-29 05:30:25,46.5389,138.3297,36.0,62,100,16.55
425,Ribera,IT,2022-11-29 05:30:25,37.4984,13.2642,49.68,88,100,8.88
426,Peleduy,RU,2022-11-29 05:30:25,59.6289,112.7406,-9.22,93,100,5.28
427,Ojhar,IN,2022-11-29 05:30:26,20.1,73.9333,80.78,34,15,8.25
428,Heilbron,ZA,2022-11-29 05:30:26,-27.2812,27.9709,62.04,71,12,8.57
429,Challans,FR,2022-11-29 05:30:26,46.8436,-1.8749,41.92,89,94,5.75
430,Hakkari,TR,2022-11-29 05:30:27,37.5833,44.1667,24.58,93,75,0.0
431,Plomarion,GR,2022-11-29 05:30:27,38.9767,26.3681,52.34,72,100,4.63
432,Paamiut,GL,2022-11-29 05:30:27,61.994,-49.6678,31.03,91,99,21.88
433,Ravar,IR,2022-11-29 05:30:28,31.2656,56.8055,60.75,35,38,1.83
434,Mitsamiouli,KM,2022-11-29 05:30:28,-11.3847,43.2844,84.49,58,20,16.11
435,Saskylakh,RU,2022-11-29 05:30:28,71.9167,114.0833,-1.53,98,100,8.75
436,Hun,LY,2022-11-29 05:30:29,29.1268,15.9477,59.14,72,58,4.54
437,Waipawa,NZ,2022-11-29 05:30:29,-41.4122,175.5153,60.42,72,87,17.05
438,Puerto Baquerizo Moreno,EC,2022-11-29 05:30:29,-0.9,-89.6,67.87,83,51,8.19
439,Ishigaki,JP,2022-11-29 05:30:30,24.3448,124.1572,84.33,74,20,11.5
440,Husavik,IS,2022-11-29 05:30:30,66.0449,-17.3389,29.25,62,5,12.01
441,Tommot,RU,2022-11-29 05:30:30,58.9564,126.2925,-14.08,94,100,4.47
442,Venezuela,VE,2022-11-29 05:30:31,8.0,-66.0,75.49,90,100,8.39
443,Chantada,ES,2022-11-29 05:30:31,42.6088,-7.7712,43.7,92,99,1.45
444,Puerto Carreno,CO,2022-11-29 05:30:31,6.189,-67.4859,74.48,93,97,4.9
445,Balakhta,RU,2022-11-29 05:30:32,55.38,91.6,1.47,85,100,6.06
446,Stolin,BY,2022-11-29 05:30:32,51.8912,26.846,28.2,98,100,5.48
447,Mananara,MG,2022-11-29 05:31:33,-16.1667,49.7667,81.41,58,16,4.68
448,Sola,VU,2022-11-29 05:31:33,-13.8833,167.55,82.78,73,83,10.47
449,Pilar,BR,2022-11-29 05:31:33,-9.5972,-35.9567,75.13,83,96,7.52
450,Les Cayes,HT,2022-11-29 05:31:34,18.2,-73.75,73.8,86,8,3.89
451,Dumas,US,2022-11-29 05:28:26,35.8656,-101.9732,50.14,27,0,24.16
452,Alugan,PH,2022-11-29 05:31:34,12.2188,125.4808,84.79,70,40,10.25
453,Morgan City,US,2022-11-29 05:31:34,29.6994,-91.2068,64.4,94,0,5.75
454,Tagusao,PH,2022-11-29 05:31:35,9.1924,117.8141,86.2,67,94,6.44
455,Yelizovo,RU,2022-11-29 05:31:35,53.1873,158.3805,24.94,53,20,11.18
456,Lazaro Cardenas,MX,2022-11-29 05:30:28,17.9583,-102.2,74.93,85,44,3.91
457,Faanui,PF,2022-11-29 05:31:36,-16.4833,-151.75,79.21,74,13,11.07
458,Gorodishche,RU,2022-11-29 05:31:37,48.8045,44.4744,18.48,86,20,13.42
459,Mnogovershinnyy,RU,2022-11-29 05:31:37,53.9353,139.9242,9.21,89,100,5.79
460,Puerto Escondido,MX,2022-11-29 05:31:37,15.85,-97.0667,77.72,83,86,4.14
461,Abha,SA,2022-11-29 05:31:38,18.2164,42.5053,57.45,47,0,0.0
462,Haines Junction,CA,2022-11-29 05:31:38,60.7522,-137.5108,-9.45,77,18,2.3
463,Xining,CN,2022-11-29 05:31:38,36.6167,101.7667,21.97,37,9,8.08
464,Kuusamo,FI,2022-11-29 05:31:39,65.9667,29.1833,26.64,93,100,5.75
465,Ust-Tsilma,RU,2022-11-29 05:31:39,65.441,52.1498,8.58,98,91,2.68
466,Kopayhorod,UA,2022-11-29 05:31:39,48.8592,27.7969,33.69,100,100,5.39
467,Atar,MR,2022-11-29 05:27:03,20.5169,-13.0499,64.4,16,0,11.56
468,Cairns,AU,2022-11-29 05:27:50,-16.9167,145.7667,84.15,81,100,5.75
469,Emporia,US,2022-11-29 05:31:40,38.4039,-96.1817,46.6,76,0,13.8
470,Loubomo,CG,2022-11-29 05:31:40,-4.1997,12.6739,71.06,96,100,2.46
471,Muisne,EC,2022-11-29 05:31:40,0.6,-80.0333,73.67,86,99,9.26
472,Farafenni,GM,2022-11-29 05:31:41,13.5667,-15.6,69.3,19,44,4.07
473,Desnogorsk,RU,2022-11-29 05:31:41,54.1508,33.2815,23.09,91,100,8.08
474,Byron Bay,AU,2022-11-29 05:31:41,-28.65,153.6167,78.94,76,61,12.26
475,Zelenogorskiy,RU,2022-11-29 05:31:42,55.0333,87.0,-0.8,72,100,2.51
476,Nuuk,GL,2022-11-29 05:31:42,64.1835,-51.7216,32.49,77,99,28.9
477,Akureyri,IS,2022-11-29 05:31:43,65.6835,-18.0878,22.93,80,28,4.61
478,San Jeronimo,PE,2022-11-29 05:31:43,-11.9472,-75.2829,48.4,84,99,2.24
479,Arroyo,ES,2022-11-29 05:31:43,41.6096,-4.7969,39.6,87,0,6.91
480,Belaya Gora,RU,2022-11-29 05:31:43,68.5333,146.4167,-21.57,97,100,5.97
481,Breves,BR,2022-11-29 05:31:44,-1.6822,-50.4803,73.35,92,88,4.29
482,Teahupoo,PF,2022-11-29 05:31:44,-17.8333,-149.2667,75.16,80,41,12.5
483,Cururupu,BR,2022-11-29 05:31:44,-1.8283,-44.8683,74.14,93,95,2.59
484,Guerrero Negro,MX,2022-11-29 05:31:45,27.9769,-114.0611,60.93,77,12,9.35
485,Champasak,LA,2022-11-29 05:31:45,14.75,106.0,90.48,59,29,2.89
486,Healesville,AU,2022-11-29 05:31:45,-37.65,145.5167,69.24,56,69,3.0
487,Teguldet,RU,2022-11-29 05:31:46,57.3064,88.1667,-2.42,84,74,7.09
488,Zlobin,HR,2022-11-29 05:31:46,45.2924,14.6541,36.7,68,20,9.22
489,College,US,2022-11-29 05:31:46,64.8569,-147.8028,-10.88,84,0,0.0
490,Monrovia,LR,2022-11-29 05:28:15,6.3005,-10.7969,77.14,81,50,5.41
491,Podujevo,XK,2022-11-29 05:32:47,42.9106,21.1931,30.4,95,87,2.77
492,Dalvik,IS,2022-11-29 05:32:47,65.9702,-18.5286,22.93,62,23,7.96
493,Tuckahoe,US,2022-11-29 05:30:10,37.5901,-77.5564,42.6,80,0,1.01
494,Atherton,GB,2022-11-29 05:32:48,53.5237,-2.4935,43.29,96,5,0.43
495,Nanakuli,US,2022-11-29 05:32:48,21.3906,-158.1547,73.35,70,75,0.0
496,Sulangan,PH,2022-11-29 05:32:48,11.1373,123.7228,85.6,66,54,8.19
497,Cockburn Town,TC,2022-11-29 05:32:48,21.4612,-71.1419,79.86,72,65,11.25
498,Krasnoselkup,RU,2022-11-29 05:29:27,65.7,82.4667,0.63,97,100,7.52
499,Mason,US,2022-11-29 05:32:49,39.3601,-84.3099,46.24,87,75,5.75
500,Beaverlodge,CA,2022-11-29 05:30:08,55.2166,-119.4361,2.55,89,100,7.34
501,Kaniama,CD,2022-11-29 05:32:49,-7.5667,24.1833,65.37,99,100,4.61
502,Tual,ID,2022-11-29 05:32:50,-5.6667,132.75,82.29,79,100,14.38
503,Flinders,AU,2022-11-29 05:32:50,-34.5833,150.8552,70.18,63,11,7.0
504,Araguaina,BR,2022-11-29 05:32:50,-7.1911,-48.2072,72.84,94,100,3.04
505,Edd,ER,2022-11-29 05:32:51,13.9297,41.6925,87.44,33,7,11.61
506,Rust,DE,2022-11-29 05:32:51,48.2667,7.7333,46.65,92,100,2.3
507,Oranjemund,NA,2022-11-29 05:32:51,-28.55,16.4333,64.8,79,41,5.97
508,Almas,RO,2022-11-29 05:32:52,46.2833,22.2333,33.12,83,7,3.4
509,Requena,ES,2022-11-29 05:32:52,39.4883,-1.1004,42.78,74,93,6.06
510,Gamba,GA,2022-11-29 05:32:52,-2.65,10.0,73.49,96,100,8.03
511,Yinchuan,CN,2022-11-29 05:32:53,38.4681,106.2731,15.85,14,70,4.54
512,Gobabis,NA,2022-11-29 05:32:54,-22.45,18.9667,78.66,29,81,20.36
513,Taunggyi,MM,2022-11-29 05:32:54,20.7833,97.0333,75.72,57,54,2.39
514,Saint-Joseph,RE,2022-11-29 05:32:54,-21.3667,55.6167,80.98,74,85,6.4
515,Pochutla,MX,2022-11-29 05:32:55,15.7432,-96.4661,74.82,88,83,2.68
516,Hare Bay,CA,2022-11-29 05:32:55,48.8499,-54.0148,33.19,97,100,16.06
517,Los Llanos De Aridane,ES,2022-11-29 05:32:55,28.6585,-17.9182,66.13,60,100,14.0
518,Sinazongwe,ZM,2022-11-29 05:32:56,-17.2614,27.4618,76.1,66,30,6.06
519,Ancud,CL,2022-11-29 05:32:56,-41.8697,-73.8203,53.87,95,6,5.97
520,Andenes,NO,2022-11-29 05:32:56,69.3143,16.1194,37.38,81,0,9.22
521,Matara,LK,2022-11-29 05:32:57,5.9485,80.5353,83.28,70,96,2.28
522,Shubarkuduk,KZ,2022-11-29 05:32:57,49.1447,56.4872,23.31,43,100,16.02
523,Vanavara,RU,2022-11-29 05:32:57,60.34,102.2797,1.22,93,100,5.64
524,Rio Gallegos,AR,2022-11-29 05:32:58,-51.6226,-69.2181,42.85,61,0,20.71
525,Pyapon,MM,2022-11-29 05:32:58,16.2833,95.6833,87.69,62,29,3.6
526,Coahuayana,MX,2022-11-29 05:32:58,18.7333,-103.6833,71.62,92,90,3.11
527,Baruun-Urt,MN,2022-11-29 05:32:59,46.6806,113.2792,-6.72,60,29,18.54
528,Wewak,PG,2022-11-29 05:32:59,-3.5534,143.6268,82.8,76,100,4.12
529,Sao Joao Do Piaui,BR,2022-11-29 05:32:59,-8.3581,-42.2467,70.93,94,100,1.23
530,Trincomalee,LK,2022-11-29 05:33:00,8.5711,81.2335,81.12,67,93,10.36
531,Faya,SA,2022-11-29 05:33:00,18.3851,42.4509,57.72,39,1,1.28
532,Brightwater,NZ,2022-11-29 05:33:01,-41.3833,173.1167,65.68,79,47,7.05
533,Isla Mujeres,MX,2022-11-29 05:33:01,21.2311,-86.731,78.85,74,68,12.12
534,Batagay,RU,2022-11-29 05:33:01,67.6333,134.6333,-45.44,100,97,1.3
535,Mayo,US,2022-11-29 05:32:09,38.8876,-76.5119,48.31,74,100,4.61
536,Yurginskoye,RU,2022-11-29 05:33:02,56.8189,67.3921,3.94,77,14,6.42
537,Abnub,EG,2022-11-29 05:29:35,27.2696,31.1511,59.22,51,31,4.45
538,Motygino,RU,2022-11-29 05:34:02,58.1831,94.7592,-4.92,93,100,9.73
539,Merauke,ID,2022-11-29 05:34:02,-8.4667,140.3333,81.57,80,100,11.95
540,Tongliao,CN,2022-11-29 05:34:03,43.6125,122.2653,10.72,27,1,22.48
541,Fernie,CA,2022-11-29 05:29:18,49.5,-115.0687,8.69,93,100,5.77
542,Camana,PE,2022-11-29 05:34:03,-16.6228,-72.7111,66.4,90,78,4.85
543,Aykhal,RU,2022-11-29 05:34:04,66.0,111.5,-25.49,100,98,3.91
544,Bennettsville,US,2022-11-29 05:34:04,34.6174,-79.6848,52.95,86,0,0.0
545,Lar,IN,2022-11-29 05:34:04,26.2039,83.9717,79.52,30,0,2.24
546,Kazanskoye,RU,2022-11-29 05:34:05,55.6448,69.235,5.36,81,100,6.6
547,Vitim,RU,2022-11-29 05:34:05,59.4511,112.5578,-8.54,93,100,5.1
548,Valdosta,US,2022-11-29 05:30:30,30.8327,-83.2785,53.92,94,0,0.0
549,Mogadishu,SO,2022-11-29 05:29:48,2.0371,45.3438,84.07,74,75,14.97
550,Kalmunai,LK,2022-11-29 05:34:05,7.4167,81.8167,83.01,62,99,10.22
551,Oistins,BB,2022-11-29 05:34:06,13.0667,-59.5333,77.09,88,40,20.71
552,Clyde River,CA,2022-11-29 05:34:06,70.4692,-68.5914,-9.17,77,100,18.41
553,Odweyne,SO,2022-11-29 05:33:16,9.4092,45.064,75.15,28,28,12.33
554,Port Keats,AU,2022-11-29 05:34:06,-14.25,129.55,87.49,61,100,6.91
555,Noumea,NC,2022-11-29 05:32:24,-22.2763,166.4572,85.98,82,98,5.12
556,Gat,IL,2022-11-29 05:32:26,31.61,34.7642,65.39,100,100,5.23
557,Kungurtug,RU,2022-11-29 05:34:07,50.5994,97.5228,-10.64,80,95,1.63
558,Sumbe,AO,2022-11-29 05:34:07,-11.2061,13.8437,77.59,78,87,2.64
559,Nishihara,JP,2022-11-29 05:34:08,26.1842,127.7558,82.06,78,40,14.97
560,Polewali,ID,2022-11-29 05:34:08,-3.4324,119.3435,85.08,74,93,4.81
561,Aleppo,SY,2022-11-29 05:34:08,36.25,37.5,55.65,63,100,14.85
562,Sakaiminato,JP,2022-11-29 05:34:08,35.55,133.2333,71.58,73,75,8.05
563,Gambela,ET,2022-11-29 05:34:09,8.25,34.5833,82.94,52,77,4.14
564,Chara,RU,2022-11-29 05:34:09,56.9064,118.2631,-20.13,91,55,1.14
565,Constitucion,CL,2022-11-29 05:34:09,-35.3333,-72.4167,54.64,82,30,4.59
566,Saint-Leu,RE,2022-11-29 05:34:10,-21.15,55.2833,81.46,73,84,2.28
567,Havelock,US,2022-11-29 05:34:10,34.8791,-76.9013,53.94,85,0,3.44
568,Kununurra,AU,2022-11-29 05:32:26,-15.7667,128.7333,93.18,55,75,8.05
569,Rovaniemi,FI,2022-11-29 05:34:10,66.5,25.7167,27.81,100,75,6.91
570,Jutai,BR,2022-11-29 05:34:11,-5.1833,-68.9,71.42,99,89,2.15
571,Tazmalt,DZ,2022-11-29 05:34:11,36.3868,4.3989,51.57,84,86,6.22
572,San Jose,US,2022-11-29 05:30:04,37.3394,-121.895,50.83,75,40,6.91
573,Turtas,RU,2022-11-29 05:34:12,58.9417,69.1325,2.77,77,89,6.62
574,Santa Maria,BR,2022-11-29 05:34:12,-29.6842,-53.8069,63.1,93,7,8.43
575,Tonosho,JP,2022-11-29 05:34:12,34.4833,134.1833,70.02,88,98,14.61
576,Tabou,CI,2022-11-29 05:34:13,4.423,-7.3528,75.76,87,23,5.19
577,Mokhsogollokh,RU,2022-11-29 05:34:13,61.4681,128.9203,-24.77,95,94,6.33
578,Riyadh,SA,2022-11-29 05:30:33,24.6877,46.7219,66.34,32,99,8.57
579,Madarounfa,NE,2022-11-29 05:34:13,13.3087,7.156,61.86,38,81,10.02
580,Athabasca,CA,2022-11-29 05:34:14,54.7169,-113.2854,7.21,82,100,13.0
581,Ulladulla,AU,2022-11-29 05:34:14,-35.35,150.4667,63.36,59,17,11.74
582,Afrikanda,RU,2022-11-29 05:34:14,67.4429,32.7828,21.88,94,100,2.86
583,Nemuro,JP,2022-11-29 05:34:15,43.3236,145.575,53.31,92,100,30.2
584,Gabu,GW,2022-11-29 05:34:15,12.2833,-14.2167,64.27,85,6,3.33
585,Belle Fourche,US,2022-11-29 05:33:25,44.6714,-103.8522,23.32,41,97,10.8
586,Lunenburg,CA,2022-11-29 05:35:16,44.3835,-64.3155,37.45,92,85,10.36
587,Lasem,ID,2022-11-29 05:35:16,-6.6922,111.4527,85.87,69,86,3.27
588,Bacolod,PH,2022-11-29 05:35:16,10.6667,122.95,87.19,64,61,12.86
589,Vardo,NO,2022-11-29 05:35:17,70.3705,31.1107,31.98,80,92,17.27
590,Toppenish,US,2022-11-29 05:31:34,46.3774,-120.3087,30.87,68,78,3.76
591,Auki,SB,2022-11-29 05:35:17,-8.7676,160.7034,79.66,84,100,1.19
592,Muslyumovo,RU,2022-11-29 05:35:17,55.3033,53.1947,8.74,95,89,1.95
593,Vestmanna,FO,2022-11-29 05:35:18,62.1564,-7.1664,43.72,93,75,6.91
594,Porto Walter,BR,2022-11-29 05:35:18,-8.2686,-72.7439,72.64,94,98,2.93
595,Moengo,SR,2022-11-29 05:35:18,5.6167,-54.4,72.55,98,98,1.95
596,Bell Ville,AR,2022-11-29 05:35:19,-32.6259,-62.6887,74.12,38,8,7.99
597,Rorvik,NO,2022-11-29 05:35:19,64.8621,11.2373,41.11,60,0,10.36
598,Grand-Santi,GF,2022-11-29 05:35:19,4.25,-54.3833,71.94,99,94,2.15
599,Xingyi,CN,2022-11-29 05:35:20,24.1877,102.817,73.69,33,0,9.95
600,Leninskoye,KZ,2022-11-29 05:35:20,41.7589,69.3864,48.78,73,100,11.27
601,Mbuji-Mayi,CD,2022-11-29 05:35:20,-6.15,23.6,69.4,96,100,2.77
602,Alibag,IN,2022-11-29 05:35:21,18.6411,72.8792,84.27,49,17,3.71
603,Abu Dhabi,AE,2022-11-29 05:35:21,24.4667,54.3667,78.96,78,0,2.3
604,Barroquinha,BR,2022-11-29 05:35:21,-3.0189,-41.1361,75.27,85,100,3.15
605,Oktyabrskoye,RU,2022-11-29 05:35:22,43.0645,44.7417,33.94,93,100,8.95
606,Camocim,BR,2022-11-29 05:35:22,-2.9022,-40.8411,77.25,81,100,5.57
607,Sangar,RU,2022-11-29 05:35:22,63.9242,127.4739,-33.54,99,99,2.62
608,Iquitos,PE,2022-11-29 05:35:23,-3.7481,-73.2472,75.24,94,40,2.3
609,Biak,ID,2022-11-29 05:35:23,-0.9131,122.8766,83.39,71,85,3.56
610,Broken Hill,AU,2022-11-29 05:32:23,-31.95,141.4333,75.54,25,0,13.67
611,Bilibino,RU,2022-11-29 05:35:23,68.0546,166.4372,14.23,89,100,4.63
612,Half Moon Bay,US,2022-11-29 05:32:26,37.4636,-122.4286,51.71,81,20,20.71
613,Shahrud,IR,2022-11-29 05:35:24,36.4182,54.9763,48.49,45,0,3.02
614,Mirnyy,RU,2022-11-29 05:35:24,62.5353,113.9611,-22.68,98,31,2.75
615,Verkhnevilyuysk,RU,2022-11-29 05:35:25,63.4453,120.3167,-30.42,99,59,2.77
616,Danane,CI,2022-11-29 05:35:25,7.2596,-8.155,68.07,99,61,1.79
617,Necochea,AR,2022-11-29 05:35:25,-38.5473,-58.7368,67.78,73,70,18.21
618,Sweetwater,US,2022-11-29 05:35:26,25.7634,-80.3731,78.03,90,20,4.61
619,Rosarito,MX,2022-11-29 05:35:26,32.3333,-117.0333,58.41,70,97,6.67
620,Lookan,PH,2022-11-29 05:35:26,5.037,120.1027,83.52,69,94,0.76
621,Manoel Urbano,BR,2022-11-29 05:35:27,-8.8389,-69.2597,73.74,83,57,4.54
622,Da Nang,VN,2022-11-29 05:31:39,16.0678,108.2208,87.78,70,20,8.05
623,Yar-Sale,RU,2022-11-29 05:35:27,66.8333,70.8333,9.99,96,100,4.29
624,Sistranda,NO,2022-11-29 05:35:27,63.7256,8.834,42.76,68,100,7.29
625,Terrace,CA,2022-11-29 05:32:53,54.5163,-128.6035,17.51,62,20,2.3
626,Muli,MV,2022-11-29 05:35:28,2.9167,73.5667,80.74,68,46,5.55
627,Sobolevo,RU,2022-11-29 05:35:28,54.4299,31.8996,24.48,92,100,9.8
628,Biltine,TD,2022-11-29 05:35:28,14.5333,20.9167,70.36,20,32,5.79
629,Yueyang,CN,2022-11-29 05:36:29,29.3333,113.0919,44.51,70,100,17.94
630,Jerome,US,2022-11-29 05:36:29,42.7241,-114.5186,25.68,87,100,18.41
631,Bontang,ID,2022-11-29 05:36:29,0.1333,117.5,84.96,72,70,5.99
632,Davila,PH,2022-11-29 05:36:30,18.4726,120.5763,85.98,70,0,3.04
633,Hurghada,EG,2022-11-29 05:35:23,27.2574,33.8129,66.24,45,0,9.22
634,Santa Marinella,IT,2022-11-29 05:36:30,42.0345,11.8536,52.68,80,100,10.0
635,Sibolga,ID,2022-11-29 05:36:30,1.7427,98.7792,81.23,78,93,1.95
636,Ahtopol,BG,2022-11-29 05:36:31,42.1,27.95,53.78,88,100,14.52
637,Dickinson,US,2022-11-29 05:36:31,29.4608,-95.0513,68.04,94,100,3.44
638,Brae,GB,2022-11-29 05:36:31,60.3964,-1.353,46.74,88,9,6.91
639,Moberly,US,2022-11-29 05:36:32,39.4184,-92.4382,46.92,70,0,12.66
640,Panjab,AF,2022-11-29 05:36:32,34.388,67.0233,36.66,45,4,2.13
641,Kupang,ID,2022-11-29 05:36:33,-10.1667,123.5833,88.38,66,75,4.61
642,Teeli,RU,2022-11-29 05:36:33,51.0333,90.2333,-13.43,85,17,2.01
643,Kargasok,RU,2022-11-29 05:36:33,59.0556,80.8572,-6.38,89,90,5.91
644,Kencong,ID,2022-11-29 05:36:33,-8.2833,113.3667,81.28,81,100,7.05
645,Lensk,RU,2022-11-29 05:36:34,60.7253,114.9278,-16.83,97,49,3.44
646,Arkhangelsk,RU,2022-11-29 05:36:34,64.5401,40.5433,26.71,100,100,2.24
647,Kisangani,CD,2022-11-29 05:36:34,0.5167,25.2,71.96,100,100,0.0
648,Iquique,CL,2022-11-29 05:33:58,-20.2208,-70.1431,66.24,78,43,1.36
649,Doha,QA,2022-11-29 05:34:57,25.2867,51.5333,80.58,66,0,9.22
650,Kemijarvi,FI,2022-11-29 05:36:35,66.7131,27.4306,27.72,96,99,5.75
651,Christchurch,NZ,2022-11-29 05:33:17,-43.5333,172.6333,72.32,47,20,6.91
652,Bloemfontein,ZA,2022-11-29 05:32:47,-29.1211,26.214,63.88,72,0,12.66
653,Saint-Pierre,RE,2022-11-29 05:36:11,-21.3393,55.4781,82.08,61,0,8.05
654,Sorland,NO,2022-11-29 05:36:36,67.667,12.6934,44.46,72,100,12.26
655,Jining,CN,2022-11-29 05:36:36,35.405,116.5814,35.76,24,100,17.36
656,Itaituba,BR,2022-11-29 05:36:36,-4.2761,-55.9836,71.83,99,97,1.48
657,Ankang,CN,2022-11-29 05:36:37,32.68,109.0172,41.34,72,100,7.47
658,Puerto Del Rosario,ES,2022-11-29 05:36:37,28.5004,-13.8627,69.55,78,100,19.57
659,Castelo Do Piaui,BR,2022-11-29 05:36:37,-5.3222,-41.5525,70.92,96,100,4.03
660,Nalut,LY,2022-11-29 05:36:38,30.3333,10.85,51.22,72,76,10.18
661,Cordoba,AR,2022-11-29 05:32:12,-31.4135,-64.1811,76.19,65,0,5.75
662,Rudbar,AF,2022-11-29 05:36:38,30.15,62.6,65.44,31,0,6.6
663,Eyl,SO,2022-11-29 05:36:38,7.9803,49.8164,81.81,55,78,17.45
664,Sroda Wielkopolska,PL,2022-11-29 05:36:39,52.2284,17.2762,35.58,93,11,8.95
665,Bosansko Grahovo,BA,2022-11-29 05:36:39,44.1794,16.3639,37.63,87,100,4.45
666,Korla,CN,2022-11-29 05:36:39,41.7597,86.1469,21.63,23,16,11.99
667,San Vicente,AR,2022-11-29 05:36:40,-26.6167,-54.1333,62.17,82,15,4.45
668,North Bend,US,2022-11-29 05:32:44,43.4065,-124.2243,39.85,100,75,9.22
669,Nacozari,MX,2022-11-29 05:36:40,25.3366,-108.2574,62.76,42,0,3.71
670,Chernyshevskiy,RU,2022-11-29 05:36:41,63.0128,112.4714,-26.93,99,59,1.5
671,Khani,GE,2022-11-29 05:36:41,41.9563,42.9566,47.77,61,27,5.73
672,Hurricane,US,2022-11-29 05:36:41,37.1753,-113.2899,44.6,49,12,2.62
673,Jaumave,MX,2022-11-29 05:36:42,23.4167,-99.3833,64.27,87,18,4.41
